{
  "test/testsuite.qunit.js.map": 1722629076435,
  "test/testsuite.qunit.js": 1722614872027,
  "test/integration/pages/RisksList.js": 1722614872039,
  "test/integration/opaTests.qunit.js": 1722614872039,
  "test/integration/FirstJourney.js": 1722614872039,
  "test/integration/pages/RisksObjectPage.js": 1722614872039,
  "xs-app.json": 1722629070719,
  "manifest.json": 1722622203395,
  "Component.js": 1722614872003,
  "test/integration/FirstJourney-dbg.js": 1722614872039,
  "test/integration/FirstJourney.js.map": 1722629076440,
  "test/integration/pages/RisksList-dbg.js": 1722614872039,
  "test/integration/pages/RisksList.js.map": 1722629076435,
  "test/integration/opaTests.qunit-dbg.js": 1722614872039,
  "test/integration/opaTests.qunit.js.map": 1722629076436,
  "test/testsuite.qunit-dbg.js": 1722614872027,
  "i18n/i18n.properties": 1722614894427,
  "test/integration/pages/RisksObjectPage-dbg.js": 1722614872039,
  "test/integration/pages/RisksObjectPage.js.map": 1722629076437,
  "Component-dbg.js": 1722614872003,
  "Component.js.map": 1722629076437,
  "Component-preload.js": 1722629076497,
  "Component-preload.js.map": 1722629076497,
  "test/integration/opaTests.qunit.html": 1722614872039,
  "test/testsuite.qunit.html": 1722614872027,
  "test/flpSandbox.html": 1722614872027,
  "index.html": 1722614872003
}